feature,segment,segment_label,control_users,treatment_users,treatment_allocation_rate,control_conversions,treatment_conversions,control_rate,treatment_rate,absolute_lift,relative_lift,incremental_conversions,z_statistic,p_value,ci_lower,ci_upper,significant_unadjusted,ci_excludes_zero,adjusted_p_value,significant_after_fdr,effect_direction,heterogeneity_p_value,heterogeneity_adjusted_p_value,heterogeneity_after_fdr,absolute_lift_percentage_points,ci_lower_percentage_points,ci_upper_percentage_points,segment_evidence,lift_rank_within_feature,sufficient_sample_size,exploratory_followup_candidate
f0,Bin 1,f0 - Bin 1,1040133,5949663,0.8511926528327866,3558,32999,0.0034207163891540795,0.005546364558799381,0.0021256481696453012,0.6214043866322867,12646.890265956372,27.72907623392161,3.1157723569222336e-169,0.0019985595875788294,0.002252736751711773,True,True,3.1157723569222335e-168,True,Positive,9.809760070811357e-05,0.00019619520141622715,True,0.2125648169645301,0.19985595875788292,0.2252736751711773,Significant Positive Effect,1,True,True
f0,Bin 2,f0 - Bin 2,526737,2968163,0.849284099688117,321,2384,0.0006094122873464366,0.0008031903908242236,0.00019377810347778702,0.3179753797245455,575.1649969529387,4.660472896591352,3.1548370377689546e-06,0.00011974860399767289,0.00026780760295790117,True,True,3.5053744864099495e-06,True,Positive,9.809760070811357e-05,0.00019619520141622715,True,0.019377810347778704,0.011974860399767289,0.026780760295790115,Significant Positive Effect,2,True,False
f0,Bin 3,f0 - Bin 3,530067,2964829,0.8483311091374393,184,1328,0.0003471259293636465,0.00044791790690120744,0.00010079197753756097,0.2903614193337083,298.83097797070934,3.2501937005584827,0.0011532642766722632,4.516027362513205e-05,0.00015642368144998988,True,True,0.0011532642766722632,True,Positive,9.809760070811357e-05,0.00019619520141622715,True,0.010079197753756097,0.004516027362513205,0.01564236814499899,Significant Positive Effect,3,True,False
f2,Bin 1,f2 - Bin 1,1566234,8918460,0.8506170995548368,3810,34384,0.002432586701603975,0.0038553741340993848,0.0014227874324954097,0.5848866277026287,12689.072805213013,27.25889095491958,1.3038086427881333e-163,0.0013355747498759334,0.001510000115114886,True,True,6.519043213940666e-163,True,Positive,0.5868937334806037,0.5868937334806037,False,0.14227874324954098,0.13355747498759335,0.1510000115114886,Significant Positive Effect,1,True,False
f2,Bin 2,f2 - Bin 2,530703,2964195,0.8481492163719799,253,2327,0.0004767261537997712,0.0007850360721882333,0.00030830991838846206,0.6467233146976759,913.8907185374873,7.6158285976869635,2.620051828465786e-14,0.00024148419387851479,0.00037513564289840933,True,True,4.3667530474429766e-14,True,Positive,0.5868937334806037,0.5868937334806037,False,0.030830991838846206,0.024148419387851477,0.037513564289840935,Significant Positive Effect,2,True,False
f6,Bin 1,f6 - Bin 1,520347,3102297,0.8563626456256811,2450,24872,0.004708396512327351,0.008017285256698505,0.0033088887443711544,0.7027634005988967,10265.1556249964,25.53042639352976,9.058710869142939e-144,0.0030980713767083078,0.003519706112034001,True,True,2.2646777172857345e-143,True,Positive,1.4210854715202004e-14,5.684341886080802e-14,True,0.33088887443711545,0.3098071376708308,0.3519706112034001,Significant Positive Effect,1,True,True
f6,Bin 2,f6 - Bin 2,666412,3752509,0.8491912392188048,599,4793,0.0008988433581628182,0.0012772787486985374,0.0003784353905357192,0.4210248505470613,1420.082208903801,8.154816713185344,3.4970982202839805e-16,0.00029792134159169214,0.00045894943947974627,True,True,6.994196440567961e-16,True,Positive,1.4210854715202004e-14,5.684341886080802e-14,True,0.03784353905357192,0.029792134159169214,0.04589494394797463,Significant Positive Effect,2,True,False
f6,Bin 3,f6 - Bin 3,910178,5027849,0.8467204679264678,1014,7046,0.0011140677977274774,0.0014013945128423706,0.00028732671511489316,0.25790774645941145,1444.6353372637004,6.851059079617001,7.330523157938437e-12,0.0002113927645558427,0.0003632606656739436,True,True,9.163153947423045e-12,True,Positive,1.4210854715202004e-14,5.684341886080802e-14,True,0.028732671511489317,0.02113927645558427,0.03632606656739436,Significant Positive Effect,3,True,False
f8,Bin 1,f8 - Bin 1,516554,3023235,0.8540720929976334,3851,34761,0.007455174096028683,0.011497948389721607,0.004042774293692924,0.5422776506113359,12222.256741792728,25.85198045294229,2.3114908697939363e-147,0.003779201879251838,0.004306346708134011,True,True,7.704969565979787e-147,True,Positive,0.4355642155910129,0.5807522874546839,False,0.4042774293692924,0.3779201879251838,0.43063467081340107,Significant Positive Effect,1,True,False
f8,Bin 2,f8 - Bin 2,1580383,8859420,0.8486194614975014,212,1950,0.00013414469783590435,0.0002201047021136824,8.596000427777805e-05,0.6408006105685269,761.5557810986325,6.918267938543286,4.571989618863868e-12,6.543099113618906e-05,0.00010648901741936705,True,True,6.531413741234098e-12,True,Positive,0.4355642155910129,0.5807522874546839,False,0.008596000427777806,0.006543099113618906,0.010648901741936705,Significant Positive Effect,2,True,False
